--
-- PostgreSQL database dump
--

-- Dumped from database version 15.6 (Debian 15.6-1.pgdg120+2)
-- Dumped by pg_dump version 16.4

-- SET statement_timeout = 0;
-- SET lock_timeout = 0;
-- SET idle_in_transaction_session_timeout = 0;
-- SET client_encoding = 'UTF8';
-- SET standard_conforming_strings = on;
-- SELECT pg_catalog.set_config('search_path', '', false);
-- SET check_function_bodies = false;
-- SET xmloption = content;
-- SET client_min_messages = warning;
-- SET row_security = off;

--
-- Data for Name: bills; Type: TABLE DATA; Schema: public; Owner: our_expenses
--

BEGIN;

INSERT INTO bills (id, name, opening_date, closing_date, inserted_at, updated_at) VALUES (1, 'Maio / Junho', '2024-05-20', '2024-06-20', '2024-05-24 01:30:16', '2024-05-25 23:24:16');
INSERT INTO bills (id, name, opening_date, closing_date, inserted_at, updated_at) VALUES (2, 'Junho / Julho', '2024-06-20', '2024-07-21', '2024-06-22 16:07:45', '2024-07-23 23:50:56');
INSERT INTO bills (id, name, opening_date, closing_date, inserted_at, updated_at) VALUES (3, 'Julho / Agosto', '2024-07-22', '2024-08-20', '2024-07-23 23:52:34', '2024-08-26 20:04:13');
INSERT INTO bills (id, name, opening_date, closing_date, inserted_at, updated_at) VALUES (4, 'Agosto / Setembro', '2024-08-21', '2024-09-20', '2024-08-26 20:04:42', '2024-08-26 20:04:42');


--
-- Data for Name: categories; Type: TABLE DATA; Schema: public; Owner: our_expenses
--

INSERT INTO categories (id, name, description, inserted_at, updated_at, budget, bill_id) VALUES (1, 'Transporte', 'Combustível / Vale Transporte', '2024-05-24 00:56:44', '2024-05-24 01:15:06', 800, 1);
INSERT INTO categories (id, name, description, inserted_at, updated_at, budget, bill_id) VALUES (7, 'Vestuário', 'Roupas / Sapatos / Tênnis', '2024-05-28 00:47:35', '2024-05-28 00:47:35', 400, 1);
INSERT INTO categories (id, name, description, inserted_at, updated_at, budget, bill_id) VALUES (4, 'Beleza', 'Barba / Cabelo / Unha', '2024-05-24 01:17:14', '2024-05-28 01:09:47', 400, 1);
INSERT INTO categories (id, name, description, inserted_at, updated_at, budget, bill_id) VALUES (3, 'Saúde', 'Remédios / Consultas / Exames', '2024-05-24 00:57:47', '2024-05-28 01:10:45', 800, 1);
INSERT INTO categories (id, name, description, inserted_at, updated_at, budget, bill_id) VALUES (2, 'Mercado / Alimentação', 'Compras / Fast Food', '2024-05-24 00:57:16', '2024-05-28 01:11:33', 2000, 1);
INSERT INTO categories (id, name, description, inserted_at, updated_at, budget, bill_id) VALUES (5, 'Assinaturas', 'iCloud / Spotify / Github', '2024-05-25 23:34:03', '2024-05-28 01:11:43', 100, 1);
INSERT INTO categories (id, name, description, inserted_at, updated_at, budget, bill_id) VALUES (6, 'Impostos', 'IOF', '2024-05-27 00:07:14', '2024-05-28 01:42:58', 10, 1);
INSERT INTO categories (id, name, description, inserted_at, updated_at, budget, bill_id) VALUES (8, 'Educação', 'Cursos', '2024-05-29 10:16:09', '2024-05-29 10:16:09', 400, 1);
INSERT INTO categories (id, name, description, inserted_at, updated_at, budget, bill_id) VALUES (10, 'Vestuário', 'Roupas / Sapatos / Tênnis', '2024-06-22 16:17:45', '2024-06-22 16:17:45', 400, 2);
INSERT INTO categories (id, name, description, inserted_at, updated_at, budget, bill_id) VALUES (11, 'Beleza', 'Barba / Cabelo / Unha', '2024-06-22 16:17:45', '2024-06-22 16:17:45', 400, 2);
INSERT INTO categories (id, name, description, inserted_at, updated_at, budget, bill_id) VALUES (12, 'Saúde', 'Remédios / Consultas / Exames', '2024-06-22 16:17:45', '2024-06-22 16:17:45', 800, 2);
INSERT INTO categories (id, name, description, inserted_at, updated_at, budget, bill_id) VALUES (14, 'Assinaturas', 'iCloud / Spotify / Github', '2024-06-22 16:17:45', '2024-06-22 16:17:45', 100, 2);
INSERT INTO categories (id, name, description, inserted_at, updated_at, budget, bill_id) VALUES (15, 'Impostos', 'IOF', '2024-06-22 16:17:45', '2024-06-22 16:17:45', 10, 2);
INSERT INTO categories (id, name, description, inserted_at, updated_at, budget, bill_id) VALUES (16, 'Educação', 'Cursos', '2024-06-22 16:17:45', '2024-06-22 16:17:45', 400, 2);
INSERT INTO categories (id, name, description, inserted_at, updated_at, budget, bill_id) VALUES (9, 'Transporte', 'Combustível / Vale Transporte', '2024-06-22 16:17:45', '2024-06-23 12:27:16', 400, 2);
INSERT INTO categories (id, name, description, inserted_at, updated_at, budget, bill_id) VALUES (13, 'Mercado / Alimentação', 'Compras / Fast Food', '2024-06-22 16:17:45', '2024-06-23 12:29:26', 2490, 2);
INSERT INTO categories (id, name, description, inserted_at, updated_at, budget, bill_id) VALUES (17, 'Vestuário', 'Roupas / Sapatos / Tênnis', '2024-07-23 23:56:21', '2024-07-23 23:56:21', 400, 3);
INSERT INTO categories (id, name, description, inserted_at, updated_at, budget, bill_id) VALUES (18, 'Beleza', 'Barba / Cabelo / Unha', '2024-07-23 23:56:21', '2024-07-23 23:56:21', 400, 3);
INSERT INTO categories (id, name, description, inserted_at, updated_at, budget, bill_id) VALUES (19, 'Saúde', 'Remédios / Consultas / Exames', '2024-07-23 23:56:21', '2024-07-23 23:56:21', 800, 3);
INSERT INTO categories (id, name, description, inserted_at, updated_at, budget, bill_id) VALUES (20, 'Assinaturas', 'iCloud / Spotify / Github', '2024-07-23 23:56:21', '2024-07-23 23:56:21', 100, 3);
INSERT INTO categories (id, name, description, inserted_at, updated_at, budget, bill_id) VALUES (21, 'Impostos', 'IOF', '2024-07-23 23:56:21', '2024-07-23 23:56:21', 10, 3);
INSERT INTO categories (id, name, description, inserted_at, updated_at, budget, bill_id) VALUES (22, 'Educação', 'Cursos', '2024-07-23 23:56:21', '2024-07-23 23:56:21', 400, 3);
INSERT INTO categories (id, name, description, inserted_at, updated_at, budget, bill_id) VALUES (23, 'Transporte', 'Combustível / Vale Transporte', '2024-07-23 23:56:21', '2024-07-23 23:56:21', 400, 3);
INSERT INTO categories (id, name, description, inserted_at, updated_at, budget, bill_id) VALUES (24, 'Mercado / Alimentação', 'Compras / Fast Food', '2024-07-23 23:56:21', '2024-07-23 23:56:21', 2490, 3);
INSERT INTO categories (id, name, description, inserted_at, updated_at, budget, bill_id) VALUES (25, 'Presentes', 'Presentes', '2024-07-24 00:07:12', '2024-07-31 19:15:20', 1400, 3);
INSERT INTO categories (id, name, description, inserted_at, updated_at, budget, bill_id) VALUES (27, 'Beleza', 'Barba / Cabelo / Unha', '2024-08-26 20:05:51', '2024-08-26 20:05:51', 400, 4);
INSERT INTO categories (id, name, description, inserted_at, updated_at, budget, bill_id) VALUES (28, 'Saúde', 'Remédios / Consultas / Exames', '2024-08-26 20:05:51', '2024-08-26 20:05:51', 800, 4);
INSERT INTO categories (id, name, description, inserted_at, updated_at, budget, bill_id) VALUES (30, 'Impostos', 'IOF', '2024-08-26 20:05:51', '2024-08-26 20:05:51', 10, 4);
INSERT INTO categories (id, name, description, inserted_at, updated_at, budget, bill_id) VALUES (31, 'Educação', 'Cursos', '2024-08-26 20:05:51', '2024-08-26 20:05:51', 400, 4);
INSERT INTO categories (id, name, description, inserted_at, updated_at, budget, bill_id) VALUES (32, 'Transporte', 'Combustível / Vale Transporte', '2024-08-26 20:05:51', '2024-08-26 20:05:51', 400, 4);
INSERT INTO categories (id, name, description, inserted_at, updated_at, budget, bill_id) VALUES (33, 'Mercado / Alimentação', 'Compras / Fast Food', '2024-08-26 20:05:51', '2024-08-26 20:05:51', 2490, 4);
INSERT INTO categories (id, name, description, inserted_at, updated_at, budget, bill_id) VALUES (34, 'Presentes', 'Presentes', '2024-08-26 20:05:51', '2024-08-27 02:55:46', 600, 4);
INSERT INTO categories (id, name, description, inserted_at, updated_at, budget, bill_id) VALUES (29, 'Assinaturas', 'iCloud / Spotify / Github', '2024-08-26 20:05:51', '2024-08-27 02:56:56', 300, 4);
INSERT INTO categories (id, name, description, inserted_at, updated_at, budget, bill_id) VALUES (26, 'Vestuário', 'Roupas / Sapatos / Tênnis', '2024-08-26 20:05:51', '2024-08-27 02:57:26', 600, 4);


--
-- Data for Name: owners; Type: TABLE DATA; Schema: public; Owner: our_expenses
--

INSERT INTO owners (id, name, inserted_at, updated_at) VALUES (1, 'Rodrigo', '2024-05-24 00:58:05', '2024-05-24 00:58:05');
INSERT INTO owners (id, name, inserted_at, updated_at) VALUES (2, 'Maísa', '2024-05-24 00:58:10', '2024-05-24 00:58:10');


--
-- Data for Name: entries; Type: TABLE DATA; Schema: public; Owner: our_expenses
--

INSERT INTO entries (id, description, bill_date, amount, number_of_installments, installment, recurring, owner_id, category_id, inserted_at, updated_at, bill_id) VALUES (3, 'Zona Azul', '2024-05-20', 12.72, 1, 1, false, 1, 1, '2024-05-25 23:25:42', '2024-05-25 23:25:42', 1);
INSERT INTO entries (id, description, bill_date, amount, number_of_installments, installment, recurring, owner_id, category_id, inserted_at, updated_at, bill_id) VALUES (5, 'Mini Extra', '2024-05-21', 85.71, 1, 1, false, 1, 2, '2024-05-25 23:28:30', '2024-05-25 23:28:30', 1);
INSERT INTO entries (id, description, bill_date, amount, number_of_installments, installment, recurring, owner_id, category_id, inserted_at, updated_at, bill_id) VALUES (4, 'Drogaria São Paulo', '2024-05-21', 66.76, 1, 1, false, 1, 3, '2024-05-25 23:27:37', '2024-05-25 23:28:52', 1);
INSERT INTO entries (id, description, bill_date, amount, number_of_installments, installment, recurring, owner_id, category_id, inserted_at, updated_at, bill_id) VALUES (6, 'Mini Extra', '2024-05-21', 96.16, 1, 1, false, 1, 2, '2024-05-25 23:29:37', '2024-05-25 23:29:37', 1);
INSERT INTO entries (id, description, bill_date, amount, number_of_installments, installment, recurring, owner_id, category_id, inserted_at, updated_at, bill_id) VALUES (7, 'Pizza', '2024-05-21', 142, 1, 1, false, 1, 2, '2024-05-25 23:30:12', '2024-05-25 23:30:12', 1);
INSERT INTO entries (id, description, bill_date, amount, number_of_installments, installment, recurring, owner_id, category_id, inserted_at, updated_at, bill_id) VALUES (8, 'Combustível', '2024-05-22', 157.36, 1, 1, false, 1, 1, '2024-05-25 23:31:22', '2024-05-25 23:31:22', 1);
INSERT INTO entries (id, description, bill_date, amount, number_of_installments, installment, recurring, owner_id, category_id, inserted_at, updated_at, bill_id) VALUES (9, 'Mini Extra', '2024-05-23', 118.79, 1, 1, false, 1, 2, '2024-05-25 23:32:39', '2024-05-25 23:32:39', 1);
INSERT INTO entries (id, description, bill_date, amount, number_of_installments, installment, recurring, owner_id, category_id, inserted_at, updated_at, bill_id) VALUES (10, 'iCloud', '2024-05-23', 14.9, 1, 1, true, 1, 5, '2024-05-25 23:35:56', '2024-05-25 23:35:56', 1);
INSERT INTO entries (id, description, bill_date, amount, number_of_installments, installment, recurring, owner_id, category_id, inserted_at, updated_at, bill_id) VALUES (11, 'Github', '2024-05-22', 21.8, 1, 1, true, 1, 5, '2024-05-25 23:36:43', '2024-05-25 23:36:43', 1);
INSERT INTO entries (id, description, bill_date, amount, number_of_installments, installment, recurring, owner_id, category_id, inserted_at, updated_at, bill_id) VALUES (12, 'Promofarma', '2024-05-24', 69.99, 1, 1, false, 1, 3, '2024-05-27 00:04:35', '2024-05-27 00:04:35', 1);
INSERT INTO entries (id, description, bill_date, amount, number_of_installments, installment, recurring, owner_id, category_id, inserted_at, updated_at, bill_id) VALUES (13, 'Trimais', '2024-05-24', 74.96, 1, 1, false, 1, 2, '2024-05-27 00:05:25', '2024-05-27 00:05:25', 1);
INSERT INTO entries (id, description, bill_date, amount, number_of_installments, installment, recurring, owner_id, category_id, inserted_at, updated_at, bill_id) VALUES (14, 'The Mad House', '2024-05-25', 160, 1, 1, false, 1, 4, '2024-05-27 00:06:34', '2024-05-27 00:06:34', 1);
INSERT INTO entries (id, description, bill_date, amount, number_of_installments, installment, recurring, owner_id, category_id, inserted_at, updated_at, bill_id) VALUES (15, 'IOF', '2024-05-23', 0.98, 1, 1, false, 1, 6, '2024-05-27 00:08:09', '2024-05-27 00:08:09', 1);
INSERT INTO entries (id, description, bill_date, amount, number_of_installments, installment, recurring, owner_id, category_id, inserted_at, updated_at, bill_id) VALUES (16, 'Amazon Prime', '2024-05-23', 19.9, 1, 1, true, 1, 5, '2024-05-27 00:09:42', '2024-05-27 00:09:42', 1);
INSERT INTO entries (id, description, bill_date, amount, number_of_installments, installment, recurring, owner_id, category_id, inserted_at, updated_at, bill_id) VALUES (17, 'Estacionamento', '2024-05-25', 25, 1, 1, false, 2, 1, '2024-05-27 00:13:55', '2024-05-27 00:13:55', 1);
INSERT INTO entries (id, description, bill_date, amount, number_of_installments, installment, recurring, owner_id, category_id, inserted_at, updated_at, bill_id) VALUES (18, 'Depilação', '2024-05-25', 49, 1, 1, false, 2, 4, '2024-05-27 00:14:37', '2024-05-27 00:14:37', 1);
INSERT INTO entries (id, description, bill_date, amount, number_of_installments, installment, recurring, owner_id, category_id, inserted_at, updated_at, bill_id) VALUES (19, 'Drogaria São Paulo', '2024-05-25', 284.03, 2, 1, false, 2, 3, '2024-05-27 00:16:16', '2024-05-27 00:16:16', 1);
INSERT INTO entries (id, description, bill_date, amount, number_of_installments, installment, recurring, owner_id, category_id, inserted_at, updated_at, bill_id) VALUES (20, 'Ortopé', '2024-05-24', 120.85, 1, 1, false, 2, 7, '2024-05-28 00:48:31', '2024-05-28 00:48:31', 1);
INSERT INTO entries (id, description, bill_date, amount, number_of_installments, installment, recurring, owner_id, category_id, inserted_at, updated_at, bill_id) VALUES (21, 'Mercado Livre', '2024-05-24', 199.07, 1, 1, false, 2, 7, '2024-05-28 00:49:07', '2024-05-28 00:49:07', 1);
INSERT INTO entries (id, description, bill_date, amount, number_of_installments, installment, recurring, owner_id, category_id, inserted_at, updated_at, bill_id) VALUES (22, 'Mercado Livre', '2024-05-24', 171.02, 1, 1, false, 2, 7, '2024-05-28 00:49:54', '2024-05-28 00:49:54', 1);
INSERT INTO entries (id, description, bill_date, amount, number_of_installments, installment, recurring, owner_id, category_id, inserted_at, updated_at, bill_id) VALUES (23, 'Shopee', '2024-05-24', 22.03, 1, 1, false, 2, 7, '2024-05-28 00:51:11', '2024-05-28 00:51:11', 1);
INSERT INTO entries (id, description, bill_date, amount, number_of_installments, installment, recurring, owner_id, category_id, inserted_at, updated_at, bill_id) VALUES (24, 'Carrefour', '2024-05-23', 4.48, 1, 1, false, 2, 2, '2024-05-28 00:53:06', '2024-05-28 00:53:06', 1);
INSERT INTO entries (id, description, bill_date, amount, number_of_installments, installment, recurring, owner_id, category_id, inserted_at, updated_at, bill_id) VALUES (25, 'Padaria', '2024-05-23', 72.3, 1, 1, false, 2, 2, '2024-05-28 00:54:31', '2024-05-28 00:54:31', 1);
INSERT INTO entries (id, description, bill_date, amount, number_of_installments, installment, recurring, owner_id, category_id, inserted_at, updated_at, bill_id) VALUES (26, 'Nutricar', '2024-05-22', 23.98, 1, 1, false, 2, 2, '2024-05-28 00:57:12', '2024-05-28 00:57:12', 1);
INSERT INTO entries (id, description, bill_date, amount, number_of_installments, installment, recurring, owner_id, category_id, inserted_at, updated_at, bill_id) VALUES (27, 'Bellafoods', '2024-05-22', 17.9, 1, 1, false, 2, 2, '2024-05-28 00:58:09', '2024-05-28 00:58:09', 1);
INSERT INTO entries (id, description, bill_date, amount, number_of_installments, installment, recurring, owner_id, category_id, inserted_at, updated_at, bill_id) VALUES (28, 'Coffee', '2024-05-21', 15.5, 1, 1, false, 2, 2, '2024-05-28 00:59:19', '2024-05-28 00:59:19', 1);
INSERT INTO entries (id, description, bill_date, amount, number_of_installments, installment, recurring, owner_id, category_id, inserted_at, updated_at, bill_id) VALUES (29, 'Boticário', '2024-05-21', 59.9, 1, 1, false, 2, 3, '2024-05-28 00:59:58', '2024-05-28 00:59:58', 1);
INSERT INTO entries (id, description, bill_date, amount, number_of_installments, installment, recurring, owner_id, category_id, inserted_at, updated_at, bill_id) VALUES (30, 'Trimais', '2024-05-26', 440.68, 1, 1, false, 1, 2, '2024-05-29 10:13:42', '2024-05-29 10:13:42', 1);
INSERT INTO entries (id, description, bill_date, amount, number_of_installments, installment, recurring, owner_id, category_id, inserted_at, updated_at, bill_id) VALUES (31, 'Padaria', '2024-05-26', 50.88, 1, 1, false, 1, 2, '2024-05-29 10:14:20', '2024-05-29 10:14:20', 1);
INSERT INTO entries (id, description, bill_date, amount, number_of_installments, installment, recurring, owner_id, category_id, inserted_at, updated_at, bill_id) VALUES (32, 'SESC', '2024-05-26', 10, 1, 1, false, 1, 2, '2024-05-29 10:15:15', '2024-05-29 10:15:15', 1);
INSERT INTO entries (id, description, bill_date, amount, number_of_installments, installment, recurring, owner_id, category_id, inserted_at, updated_at, bill_id) VALUES (33, 'Estácio', '2024-05-27', 150.79, 6, 1, false, 2, 8, '2024-05-29 10:16:56', '2024-05-29 10:16:56', 1);
INSERT INTO entries (id, description, bill_date, amount, number_of_installments, installment, recurring, owner_id, category_id, inserted_at, updated_at, bill_id) VALUES (34, 'Combustível', '2024-05-29', 80.24, 1, 1, false, 1, 1, '2024-05-29 11:34:49', '2024-05-29 11:34:49', 1);
INSERT INTO entries (id, description, bill_date, amount, number_of_installments, installment, recurring, owner_id, category_id, inserted_at, updated_at, bill_id) VALUES (35, 'Top', '2024-05-28', 1, 1, 1, false, 2, 1, '2024-05-29 11:35:21', '2024-05-29 11:35:21', 1);
INSERT INTO entries (id, description, bill_date, amount, number_of_installments, installment, recurring, owner_id, category_id, inserted_at, updated_at, bill_id) VALUES (36, 'Almoço Porto Bar', '2024-05-28', 49.49, 1, 1, false, 2, 2, '2024-05-29 11:36:12', '2024-05-29 11:36:12', 1);
INSERT INTO entries (id, description, bill_date, amount, number_of_installments, installment, recurring, owner_id, category_id, inserted_at, updated_at, bill_id) VALUES (37, 'Boticário', '2024-05-28', 47.4, 1, 1, false, 2, 4, '2024-05-29 11:36:47', '2024-05-29 11:36:47', 1);
INSERT INTO entries (id, description, bill_date, amount, number_of_installments, installment, recurring, owner_id, category_id, inserted_at, updated_at, bill_id) VALUES (38, 'Exame AC Camargo', '2024-06-18', 236.13, 6, 4, false, 1, 3, '2024-05-29 11:39:05', '2024-05-29 11:39:05', 1);
INSERT INTO entries (id, description, bill_date, amount, number_of_installments, installment, recurring, owner_id, category_id, inserted_at, updated_at, bill_id) VALUES (39, 'Tera', '2024-06-02', 237.49, 12, 4, false, 2, 8, '2024-05-29 11:39:50', '2024-05-29 11:39:50', 1);
INSERT INTO entries (id, description, bill_date, amount, number_of_installments, installment, recurring, owner_id, category_id, inserted_at, updated_at, bill_id) VALUES (42, 'Fly.io', '2024-05-31', 30.8, 1, 1, false, 1, 5, '2024-06-02 17:41:23', '2024-06-02 17:41:23', 1);
INSERT INTO entries (id, description, bill_date, amount, number_of_installments, installment, recurring, owner_id, category_id, inserted_at, updated_at, bill_id) VALUES (40, 'Almoço ', '2024-05-29', 134, 1, 1, false, 1, 2, '2024-06-02 17:35:31', '2024-06-02 17:42:00', 1);
INSERT INTO entries (id, description, bill_date, amount, number_of_installments, installment, recurring, owner_id, category_id, inserted_at, updated_at, bill_id) VALUES (41, 'Conectcar', '2024-05-30', 50, 1, 1, false, 1, 1, '2024-06-02 17:36:26', '2024-06-02 17:42:32', 1);
INSERT INTO entries (id, description, bill_date, amount, number_of_installments, installment, recurring, owner_id, category_id, inserted_at, updated_at, bill_id) VALUES (43, 'Maquiagem', '2024-06-01', 20, 1, 1, false, 2, 4, '2024-06-02 17:46:42', '2024-06-02 17:46:42', 1);
INSERT INTO entries (id, description, bill_date, amount, number_of_installments, installment, recurring, owner_id, category_id, inserted_at, updated_at, bill_id) VALUES (44, 'Maquiagem ', '2024-06-01', 10, 1, 1, false, 2, 4, '2024-06-02 17:47:07', '2024-06-02 17:47:07', 1);
INSERT INTO entries (id, description, bill_date, amount, number_of_installments, installment, recurring, owner_id, category_id, inserted_at, updated_at, bill_id) VALUES (45, 'Havan', '2024-06-01', 159.98, 1, 1, false, 1, 2, '2024-06-02 17:48:26', '2024-06-02 17:48:26', 1);
INSERT INTO entries (id, description, bill_date, amount, number_of_installments, installment, recurring, owner_id, category_id, inserted_at, updated_at, bill_id) VALUES (46, 'IOF', '2024-06-02', 1.33, 1, 1, false, 1, 6, '2024-06-02 17:53:35', '2024-06-02 17:53:35', 1);
INSERT INTO entries (id, description, bill_date, amount, number_of_installments, installment, recurring, owner_id, category_id, inserted_at, updated_at, bill_id) VALUES (47, 'Promofarma', '2024-06-02', 73.27, 1, 1, false, 1, 3, '2024-06-02 19:13:51', '2024-06-02 19:13:51', 1);
INSERT INTO entries (id, description, bill_date, amount, number_of_installments, installment, recurring, owner_id, category_id, inserted_at, updated_at, bill_id) VALUES (48, 'Conectcar', '2024-06-02', 50, 1, 1, false, 1, 1, '2024-06-02 19:14:42', '2024-06-02 19:14:42', 1);
INSERT INTO entries (id, description, bill_date, amount, number_of_installments, installment, recurring, owner_id, category_id, inserted_at, updated_at, bill_id) VALUES (49, 'AWS', '2024-06-02', 9.09, 1, 1, false, 1, 5, '2024-06-03 11:28:17', '2024-06-03 11:28:17', 1);
INSERT INTO entries (id, description, bill_date, amount, number_of_installments, installment, recurring, owner_id, category_id, inserted_at, updated_at, bill_id) VALUES (50, 'Nutricar', '2024-06-03', 14.99, 1, 1, false, 1, 2, '2024-06-03 21:22:46', '2024-06-03 21:22:46', 1);
INSERT INTO entries (id, description, bill_date, amount, number_of_installments, installment, recurring, owner_id, category_id, inserted_at, updated_at, bill_id) VALUES (51, 'TotalPass', '2024-06-03', 199.9, 1, 1, false, 1, 3, '2024-06-03 21:23:38', '2024-06-03 21:23:38', 1);
INSERT INTO entries (id, description, bill_date, amount, number_of_installments, installment, recurring, owner_id, category_id, inserted_at, updated_at, bill_id) VALUES (52, 'Assai', '2024-06-04', 281.34, 1, 1, false, 1, 2, '2024-06-04 17:01:43', '2024-06-04 17:01:43', 1);
INSERT INTO entries (id, description, bill_date, amount, number_of_installments, installment, recurring, owner_id, category_id, inserted_at, updated_at, bill_id) VALUES (53, 'Dr. Cash', '2024-06-04', 150, 1, 1, false, 1, 5, '2024-06-04 17:05:27', '2024-06-04 17:05:27', 1);
INSERT INTO entries (id, description, bill_date, amount, number_of_installments, installment, recurring, owner_id, category_id, inserted_at, updated_at, bill_id) VALUES (54, 'Mecânica', '2024-05-23', 175, 2, 2, false, 1, 1, '2024-06-04 17:20:56', '2024-06-04 17:20:56', 1);
INSERT INTO entries (id, description, bill_date, amount, number_of_installments, installment, recurring, owner_id, category_id, inserted_at, updated_at, bill_id) VALUES (55, 'Livro', '2024-06-11', 64.21, 6, 6, false, 1, 8, '2024-06-04 17:23:23', '2024-06-04 17:23:23', 1);
INSERT INTO entries (id, description, bill_date, amount, number_of_installments, installment, recurring, owner_id, category_id, inserted_at, updated_at, bill_id) VALUES (56, 'Drogaria São Paulo', '2024-05-29', 144.69, 3, 3, false, 2, 3, '2024-06-04 17:26:08', '2024-06-04 17:26:08', 1);
INSERT INTO entries (id, description, bill_date, amount, number_of_installments, installment, recurring, owner_id, category_id, inserted_at, updated_at, bill_id) VALUES (57, 'Drogaria São Paulo', '2024-06-03', 237.61, 2, 2, false, 2, 3, '2024-06-04 17:32:41', '2024-06-04 17:32:41', 1);
INSERT INTO entries (id, description, bill_date, amount, number_of_installments, installment, recurring, owner_id, category_id, inserted_at, updated_at, bill_id) VALUES (58, 'Papelaria', '2024-06-08', 89.2, 1, 1, false, 1, 2, '2024-06-08 21:53:27', '2024-06-08 21:53:27', 1);
INSERT INTO entries (id, description, bill_date, amount, number_of_installments, installment, recurring, owner_id, category_id, inserted_at, updated_at, bill_id) VALUES (59, 'Pedrita Festa Junina', '2024-06-08', 44, 1, 1, false, 1, 2, '2024-06-08 21:54:11', '2024-06-08 21:54:11', 1);
INSERT INTO entries (id, description, bill_date, amount, number_of_installments, installment, recurring, owner_id, category_id, inserted_at, updated_at, bill_id) VALUES (60, 'Assai', '2024-06-12', 186.4, 1, 1, false, 1, 2, '2024-06-22 15:38:55', '2024-06-22 15:38:55', 1);
INSERT INTO entries (id, description, bill_date, amount, number_of_installments, installment, recurring, owner_id, category_id, inserted_at, updated_at, bill_id) VALUES (61, 'Nintendo', '2024-06-12', 20, 1, 1, true, 1, 5, '2024-06-22 15:39:42', '2024-06-22 15:39:42', 1);
INSERT INTO entries (id, description, bill_date, amount, number_of_installments, installment, recurring, owner_id, category_id, inserted_at, updated_at, bill_id) VALUES (62, 'Drogaria São Paulo', '2024-06-16', 22.06, 1, 1, false, 1, 3, '2024-06-22 15:40:49', '2024-06-22 15:40:49', 1);
INSERT INTO entries (id, description, bill_date, amount, number_of_installments, installment, recurring, owner_id, category_id, inserted_at, updated_at, bill_id) VALUES (63, 'Mini Extra', '2024-06-16', 69.96, 1, 1, false, 1, 2, '2024-06-22 15:41:30', '2024-06-22 15:41:30', 1);
INSERT INTO entries (id, description, bill_date, amount, number_of_installments, installment, recurring, owner_id, category_id, inserted_at, updated_at, bill_id) VALUES (64, 'Festa Junina Rafa', '2024-06-16', 195, 1, 1, false, 1, 2, '2024-06-22 15:43:21', '2024-06-22 15:43:21', 1);
INSERT INTO entries (id, description, bill_date, amount, number_of_installments, installment, recurring, owner_id, category_id, inserted_at, updated_at, bill_id) VALUES (65, 'Estacionamento', '2024-06-18', 50, 1, 1, false, 1, 1, '2024-06-22 15:43:58', '2024-06-22 15:43:58', 1);
INSERT INTO entries (id, description, bill_date, amount, number_of_installments, installment, recurring, owner_id, category_id, inserted_at, updated_at, bill_id) VALUES (66, 'Almoço', '2024-06-18', 38.5, 1, 1, false, 1, 2, '2024-06-22 15:44:30', '2024-06-22 15:44:30', 1);
INSERT INTO entries (id, description, bill_date, amount, number_of_installments, installment, recurring, owner_id, category_id, inserted_at, updated_at, bill_id) VALUES (67, 'IOF', '2024-06-10', 1.23, 1, 1, false, 1, 6, '2024-06-22 15:46:28', '2024-06-22 15:46:28', 1);
INSERT INTO entries (id, description, bill_date, amount, number_of_installments, installment, recurring, owner_id, category_id, inserted_at, updated_at, bill_id) VALUES (69, 'Amazon Prime (Adão)', '2024-06-13', 19.9, 1, 1, true, 1, 5, '2024-06-22 15:47:55', '2024-06-22 15:47:55', 1);
INSERT INTO entries (id, description, bill_date, amount, number_of_installments, installment, recurring, owner_id, category_id, inserted_at, updated_at, bill_id) VALUES (68, 'Spotify', '2024-06-11', 34.9, 1, 1, true, 1, 5, '2024-06-22 15:47:10', '2024-06-22 15:48:04', 1);
INSERT INTO entries (id, description, bill_date, amount, number_of_installments, installment, recurring, owner_id, category_id, inserted_at, updated_at, bill_id) VALUES (70, 'Medium', '2024-06-09', 27.95, 1, 1, true, 1, 5, '2024-06-22 15:49:29', '2024-06-22 15:49:29', 1);
INSERT INTO entries (id, description, bill_date, amount, number_of_installments, installment, recurring, owner_id, category_id, inserted_at, updated_at, bill_id) VALUES (71, 'Estacionamento', '2024-06-13', 20, 1, 1, false, 2, 1, '2024-06-22 15:51:40', '2024-06-22 15:51:40', 1);
INSERT INTO entries (id, description, bill_date, amount, number_of_installments, installment, recurring, owner_id, category_id, inserted_at, updated_at, bill_id) VALUES (72, 'Microsoft', '2024-06-14', 12, 1, 1, true, 2, 5, '2024-06-22 15:52:18', '2024-06-22 15:52:18', 1);
INSERT INTO entries (id, description, bill_date, amount, number_of_installments, installment, recurring, owner_id, category_id, inserted_at, updated_at, bill_id) VALUES (73, 'Droga Raia', '2024-06-18', 25.89, 1, 1, false, 2, 3, '2024-06-22 15:53:20', '2024-06-22 15:53:20', 1);
INSERT INTO entries (id, description, bill_date, amount, number_of_installments, installment, recurring, owner_id, category_id, inserted_at, updated_at, bill_id) VALUES (74, '???', '2024-06-18', 14.5, 1, 1, false, 2, 2, '2024-06-22 15:57:41', '2024-06-23 03:38:09', 1);
INSERT INTO entries (id, description, bill_date, amount, number_of_installments, installment, recurring, owner_id, category_id, inserted_at, updated_at, bill_id) VALUES (75, 'Drogaria São Paulo', '2024-06-25', 284.03, 2, 2, false, 2, 12, '2024-06-23 03:40:17', '2024-06-23 03:40:17', 2);
INSERT INTO entries (id, description, bill_date, amount, number_of_installments, installment, recurring, owner_id, category_id, inserted_at, updated_at, bill_id) VALUES (76, 'Estácio', '2024-06-27', 150.79, 6, 2, false, 2, 16, '2024-06-23 03:40:17', '2024-06-23 03:40:17', 2);
INSERT INTO entries (id, description, bill_date, amount, number_of_installments, installment, recurring, owner_id, category_id, inserted_at, updated_at, bill_id) VALUES (77, 'Exame AC Camargo', '2024-07-18', 236.13, 6, 5, false, 1, 12, '2024-06-23 03:40:17', '2024-06-23 03:40:17', 2);
INSERT INTO entries (id, description, bill_date, amount, number_of_installments, installment, recurring, owner_id, category_id, inserted_at, updated_at, bill_id) VALUES (78, 'Tera', '2024-07-02', 237.49, 12, 5, false, 2, 16, '2024-06-23 03:40:17', '2024-06-23 03:40:17', 2);
INSERT INTO entries (id, description, bill_date, amount, number_of_installments, installment, recurring, owner_id, category_id, inserted_at, updated_at, bill_id) VALUES (79, 'iCloud', '2024-06-23', 14.9, 1, 1, true, 1, 14, '2024-06-23 03:40:57', '2024-06-23 03:40:57', 2);
INSERT INTO entries (id, description, bill_date, amount, number_of_installments, installment, recurring, owner_id, category_id, inserted_at, updated_at, bill_id) VALUES (81, 'Amazon Prime', '2024-06-23', 19.9, 1, 1, true, 1, 14, '2024-06-23 03:40:57', '2024-06-23 03:40:57', 2);
INSERT INTO entries (id, description, bill_date, amount, number_of_installments, installment, recurring, owner_id, category_id, inserted_at, updated_at, bill_id) VALUES (82, 'Nintendo', '2024-07-12', 20, 1, 1, true, 1, 14, '2024-06-23 03:40:57', '2024-06-23 03:40:57', 2);
INSERT INTO entries (id, description, bill_date, amount, number_of_installments, installment, recurring, owner_id, category_id, inserted_at, updated_at, bill_id) VALUES (83, 'Amazon Prime (Adão)', '2024-07-13', 19.9, 1, 1, true, 1, 14, '2024-06-23 03:40:57', '2024-06-23 03:40:57', 2);
INSERT INTO entries (id, description, bill_date, amount, number_of_installments, installment, recurring, owner_id, category_id, inserted_at, updated_at, bill_id) VALUES (84, 'Spotify', '2024-07-11', 34.9, 1, 1, true, 1, 14, '2024-06-23 03:40:57', '2024-06-23 03:40:57', 2);
INSERT INTO entries (id, description, bill_date, amount, number_of_installments, installment, recurring, owner_id, category_id, inserted_at, updated_at, bill_id) VALUES (86, 'Microsoft', '2024-07-14', 12, 1, 1, true, 2, 14, '2024-06-23 03:40:57', '2024-06-23 03:40:57', 2);
INSERT INTO entries (id, description, bill_date, amount, number_of_installments, installment, recurring, owner_id, category_id, inserted_at, updated_at, bill_id) VALUES (87, 'Drogaria São Paulo', '2024-06-19', 181, 1, 1, false, 1, 12, '2024-06-23 12:08:30', '2024-06-23 12:08:30', 2);
INSERT INTO entries (id, description, bill_date, amount, number_of_installments, installment, recurring, owner_id, category_id, inserted_at, updated_at, bill_id) VALUES (88, 'Drogaria São Paulo', '2024-06-20', 35.29, 1, 1, false, 1, 12, '2024-06-23 12:09:07', '2024-06-23 12:09:07', 2);
INSERT INTO entries (id, description, bill_date, amount, number_of_installments, installment, recurring, owner_id, category_id, inserted_at, updated_at, bill_id) VALUES (89, 'Mini Extra', '2024-06-20', 5.98, 1, 1, false, 1, 13, '2024-06-23 12:09:48', '2024-06-23 12:09:48', 2);
INSERT INTO entries (id, description, bill_date, amount, number_of_installments, installment, recurring, owner_id, category_id, inserted_at, updated_at, bill_id) VALUES (90, 'iFood', '2024-06-20', 62.79, 1, 1, false, 1, 13, '2024-06-23 12:11:27', '2024-06-23 12:11:27', 2);
INSERT INTO entries (id, description, bill_date, amount, number_of_installments, installment, recurring, owner_id, category_id, inserted_at, updated_at, bill_id) VALUES (91, 'Mini Extra', '2024-06-21', 28.68, 1, 1, false, 1, 13, '2024-06-23 12:12:21', '2024-06-23 12:12:21', 2);
INSERT INTO entries (id, description, bill_date, amount, number_of_installments, installment, recurring, owner_id, category_id, inserted_at, updated_at, bill_id) VALUES (92, 'Estacionamento', '2024-06-21', 22, 1, 1, false, 1, 9, '2024-06-23 12:12:43', '2024-06-23 12:12:43', 2);
INSERT INTO entries (id, description, bill_date, amount, number_of_installments, installment, recurring, owner_id, category_id, inserted_at, updated_at, bill_id) VALUES (93, 'Droga Raia', '2024-06-21', 268.22, 2, 1, false, 1, 12, '2024-06-23 12:13:52', '2024-06-23 12:13:52', 2);
INSERT INTO entries (id, description, bill_date, amount, number_of_installments, installment, recurring, owner_id, category_id, inserted_at, updated_at, bill_id) VALUES (94, 'Mad House', '2024-06-22', 160, 1, 1, false, 1, 11, '2024-06-23 12:15:19', '2024-06-23 12:15:19', 2);
INSERT INTO entries (id, description, bill_date, amount, number_of_installments, installment, recurring, owner_id, category_id, inserted_at, updated_at, bill_id) VALUES (95, 'Insider', '2024-06-23', 180.92, 1, 1, false, 1, 10, '2024-06-23 12:15:52', '2024-06-23 12:15:52', 2);
INSERT INTO entries (id, description, bill_date, amount, number_of_installments, installment, recurring, owner_id, category_id, inserted_at, updated_at, bill_id) VALUES (96, 'Bellafoods', '2024-06-23', 35.96, 1, 1, false, 1, 13, '2024-06-23 12:16:57', '2024-06-23 12:16:57', 2);
INSERT INTO entries (id, description, bill_date, amount, number_of_installments, installment, recurring, owner_id, category_id, inserted_at, updated_at, bill_id) VALUES (80, 'Github', '2024-06-22', 23.04, 1, 1, true, 1, 14, '2024-06-23 03:40:57', '2024-06-23 12:18:08', 2);
INSERT INTO entries (id, description, bill_date, amount, number_of_installments, installment, recurring, owner_id, category_id, inserted_at, updated_at, bill_id) VALUES (97, 'Sweet Bella', '2024-06-20', 48.33, 1, 1, false, 2, 13, '2024-06-23 12:19:58', '2024-06-23 12:19:58', 2);
INSERT INTO entries (id, description, bill_date, amount, number_of_installments, installment, recurring, owner_id, category_id, inserted_at, updated_at, bill_id) VALUES (98, 'Droga Raia', '2024-06-20', 52.87, 1, 1, false, 2, 12, '2024-06-23 12:20:26', '2024-06-23 12:20:26', 2);
INSERT INTO entries (id, description, bill_date, amount, number_of_installments, installment, recurring, owner_id, category_id, inserted_at, updated_at, bill_id) VALUES (99, 'Estacionamento', '2024-06-20', 30, 1, 1, false, 2, 9, '2024-06-23 12:22:17', '2024-06-23 12:22:17', 2);
INSERT INTO entries (id, description, bill_date, amount, number_of_installments, installment, recurring, owner_id, category_id, inserted_at, updated_at, bill_id) VALUES (100, 'Almoço', '2024-06-20', 29.9, 1, 1, false, 2, 13, '2024-06-23 12:29:44', '2024-06-23 12:29:44', 2);
INSERT INTO entries (id, description, bill_date, amount, number_of_installments, installment, recurring, owner_id, category_id, inserted_at, updated_at, bill_id) VALUES (101, 'Sapato', '2024-06-21', 104.19, 1, 1, false, 2, 10, '2024-06-23 12:30:25', '2024-06-23 12:30:25', 2);
INSERT INTO entries (id, description, bill_date, amount, number_of_installments, installment, recurring, owner_id, category_id, inserted_at, updated_at, bill_id) VALUES (102, 'Less', '2024-06-22', 121, 1, 1, false, 2, 11, '2024-06-23 12:33:13', '2024-06-23 12:33:13', 2);
INSERT INTO entries (id, description, bill_date, amount, number_of_installments, installment, recurring, owner_id, category_id, inserted_at, updated_at, bill_id) VALUES (103, 'Mc Donald''s', '2024-06-22', 71.6, 1, 1, false, 2, 13, '2024-06-23 12:33:53', '2024-06-23 12:33:53', 2);
INSERT INTO entries (id, description, bill_date, amount, number_of_installments, installment, recurring, owner_id, category_id, inserted_at, updated_at, bill_id) VALUES (104, 'Shampoo, sabonete e perfume', '2024-06-22', 95.2, 1, 1, false, 2, 13, '2024-06-23 12:35:51', '2024-06-23 12:35:51', 2);
INSERT INTO entries (id, description, bill_date, amount, number_of_installments, installment, recurring, owner_id, category_id, inserted_at, updated_at, bill_id) VALUES (105, 'Drebijou', '2024-06-22', 150.98, 2, 1, false, 2, 10, '2024-06-23 12:36:55', '2024-06-23 12:36:55', 2);
INSERT INTO entries (id, description, bill_date, amount, number_of_installments, installment, recurring, owner_id, category_id, inserted_at, updated_at, bill_id) VALUES (106, 'Giga', '2024-06-23', 1110.49, 1, 1, false, 2, 13, '2024-06-23 21:54:13', '2024-06-23 21:54:13', 2);
INSERT INTO entries (id, description, bill_date, amount, number_of_installments, installment, recurring, owner_id, category_id, inserted_at, updated_at, bill_id) VALUES (107, 'Total Pass', '2024-07-03', 199.9, 1, 1, true, 1, 12, '2024-06-24 00:58:59', '2024-06-24 00:58:59', 2);
INSERT INTO entries (id, description, bill_date, amount, number_of_installments, installment, recurring, owner_id, category_id, inserted_at, updated_at, bill_id) VALUES (109, 'Almoço Porto Bar', '2024-08-29', 67.99, 1, 1, false, 2, 13, '2024-07-01 12:28:47', '2024-07-01 12:28:47', 2);
INSERT INTO entries (id, description, bill_date, amount, number_of_installments, installment, recurring, owner_id, category_id, inserted_at, updated_at, bill_id) VALUES (110, 'Raia', '2024-06-27', 38.49, 1, 1, false, 2, 12, '2024-07-01 12:29:34', '2024-07-01 12:29:34', 2);
INSERT INTO entries (id, description, bill_date, amount, number_of_installments, installment, recurring, owner_id, category_id, inserted_at, updated_at, bill_id) VALUES (108, 'Combustível', '2024-06-23', 149.14, 1, 1, false, 1, 9, '2024-06-24 01:02:14', '2024-07-01 12:39:27', 2);
INSERT INTO entries (id, description, bill_date, amount, number_of_installments, installment, recurring, owner_id, category_id, inserted_at, updated_at, bill_id) VALUES (112, 'IOF', '2024-07-23', 1.04, 1, 1, false, 1, 15, '2024-07-01 12:41:50', '2024-07-01 12:41:50', 2);
INSERT INTO entries (id, description, bill_date, amount, number_of_installments, installment, recurring, owner_id, category_id, inserted_at, updated_at, bill_id) VALUES (114, 'Zazá', '2024-06-27', 42.5, 1, 1, false, 1, 13, '2024-07-01 12:43:48', '2024-07-01 12:43:48', 2);
INSERT INTO entries (id, description, bill_date, amount, number_of_installments, installment, recurring, owner_id, category_id, inserted_at, updated_at, bill_id) VALUES (113, 'Fly.io', '2024-06-30', 113.47, 1, 1, false, 1, 14, '2024-07-01 12:42:38', '2024-07-01 12:44:05', 2);
INSERT INTO entries (id, description, bill_date, amount, number_of_installments, installment, recurring, owner_id, category_id, inserted_at, updated_at, bill_id) VALUES (115, 'Mc Donald''s', '2024-06-27', 60.8, 1, 1, false, 1, 13, '2024-07-01 12:45:36', '2024-07-01 12:45:36', 2);
INSERT INTO entries (id, description, bill_date, amount, number_of_installments, installment, recurring, owner_id, category_id, inserted_at, updated_at, bill_id) VALUES (116, 'Mc Donald''s', '2024-06-28', 51.8, 1, 1, false, 1, 13, '2024-07-01 12:46:07', '2024-07-01 12:46:07', 2);
INSERT INTO entries (id, description, bill_date, amount, number_of_installments, installment, recurring, owner_id, category_id, inserted_at, updated_at, bill_id) VALUES (117, 'Dr. Cash', '2024-07-04', 150, 1, 1, true, 1, 14, '2024-07-08 00:30:23', '2024-07-08 00:30:23', 2);
INSERT INTO entries (id, description, bill_date, amount, number_of_installments, installment, recurring, owner_id, category_id, inserted_at, updated_at, bill_id) VALUES (118, 'Drogaria São Paulo', '2024-07-04', 26.16, 1, 1, false, 1, 12, '2024-07-08 00:31:29', '2024-07-08 00:31:29', 2);
INSERT INTO entries (id, description, bill_date, amount, number_of_installments, installment, recurring, owner_id, category_id, inserted_at, updated_at, bill_id) VALUES (119, 'Pizza', '2024-07-06', 100, 1, 1, false, 1, 13, '2024-07-08 00:31:55', '2024-07-08 00:31:55', 2);
INSERT INTO entries (id, description, bill_date, amount, number_of_installments, installment, recurring, owner_id, category_id, inserted_at, updated_at, bill_id) VALUES (120, 'Drogaria São Paulo', '2024-07-04', 287.12, 1, 1, false, 1, 12, '2024-07-08 00:36:39', '2024-07-08 00:36:39', 2);
INSERT INTO entries (id, description, bill_date, amount, number_of_installments, installment, recurring, owner_id, category_id, inserted_at, updated_at, bill_id) VALUES (121, 'IOF', '2024-07-01', 4.96, 1, 1, false, 1, 15, '2024-07-08 00:37:31', '2024-07-08 00:37:31', 2);
INSERT INTO entries (id, description, bill_date, amount, number_of_installments, installment, recurring, owner_id, category_id, inserted_at, updated_at, bill_id) VALUES (122, 'AWS', '2024-07-02', 13.03, 1, 1, false, 1, 14, '2024-07-08 00:38:12', '2024-07-08 00:38:12', 2);
INSERT INTO entries (id, description, bill_date, amount, number_of_installments, installment, recurring, owner_id, category_id, inserted_at, updated_at, bill_id) VALUES (111, 'Cafeteria YAS', '2024-06-29', 32.5, 1, 1, false, 2, 13, '2024-07-01 12:30:17', '2024-07-08 00:39:27', 2);
INSERT INTO entries (id, description, bill_date, amount, number_of_installments, installment, recurring, owner_id, category_id, inserted_at, updated_at, bill_id) VALUES (123, 'Dentista', '2024-07-06', 265, 2, 1, false, 2, 12, '2024-07-08 00:42:48', '2024-07-08 00:42:48', 2);
INSERT INTO entries (id, description, bill_date, amount, number_of_installments, installment, recurring, owner_id, category_id, inserted_at, updated_at, bill_id) VALUES (124, 'Mc Donald''s', '2024-07-04', 19.8, 1, 1, false, 2, 13, '2024-07-08 00:44:07', '2024-07-08 00:44:07', 2);
INSERT INTO entries (id, description, bill_date, amount, number_of_installments, installment, recurring, owner_id, category_id, inserted_at, updated_at, bill_id) VALUES (125, 'Mc Donald''s', '2024-07-07', 91.8, 1, 1, false, 2, 13, '2024-07-08 00:45:22', '2024-07-08 00:45:22', 2);
INSERT INTO entries (id, description, bill_date, amount, number_of_installments, installment, recurring, owner_id, category_id, inserted_at, updated_at, bill_id) VALUES (126, 'Mercado Japonês', '2024-07-07', 86.2, 1, 1, false, 1, 13, '2024-07-08 00:47:15', '2024-07-08 00:47:15', 2);
INSERT INTO entries (id, description, bill_date, amount, number_of_installments, installment, recurring, owner_id, category_id, inserted_at, updated_at, bill_id) VALUES (127, 'Giga', '2024-07-09', 437.09, 1, 1, false, 1, 13, '2024-07-16 12:19:51', '2024-07-16 12:19:51', 2);
INSERT INTO entries (id, description, bill_date, amount, number_of_installments, installment, recurring, owner_id, category_id, inserted_at, updated_at, bill_id) VALUES (128, 'Terra Cerealista', '2024-07-09', 69.18, 1, 1, false, 1, 13, '2024-07-16 12:20:28', '2024-07-16 12:20:28', 2);
INSERT INTO entries (id, description, bill_date, amount, number_of_installments, installment, recurring, owner_id, category_id, inserted_at, updated_at, bill_id) VALUES (129, 'Estacionamento', '2024-07-14', 23, 1, 1, false, 1, 9, '2024-07-16 12:21:07', '2024-07-16 12:21:07', 2);
INSERT INTO entries (id, description, bill_date, amount, number_of_installments, installment, recurring, owner_id, category_id, inserted_at, updated_at, bill_id) VALUES (130, 'Estácio', '2024-07-27', 150.79, 6, 3, false, 2, 22, '2024-07-23 23:57:46', '2024-07-23 23:57:46', 3);
INSERT INTO entries (id, description, bill_date, amount, number_of_installments, installment, recurring, owner_id, category_id, inserted_at, updated_at, bill_id) VALUES (131, 'Exame AC Camargo', '2024-08-18', 236.13, 6, 6, false, 1, 19, '2024-07-23 23:57:46', '2024-07-23 23:57:46', 3);
INSERT INTO entries (id, description, bill_date, amount, number_of_installments, installment, recurring, owner_id, category_id, inserted_at, updated_at, bill_id) VALUES (132, 'Tera', '2024-08-02', 237.49, 12, 6, false, 2, 22, '2024-07-23 23:57:46', '2024-07-23 23:57:46', 3);
INSERT INTO entries (id, description, bill_date, amount, number_of_installments, installment, recurring, owner_id, category_id, inserted_at, updated_at, bill_id) VALUES (133, 'Droga Raia', '2024-07-21', 268.22, 2, 2, false, 1, 19, '2024-07-23 23:57:46', '2024-07-23 23:57:46', 3);
INSERT INTO entries (id, description, bill_date, amount, number_of_installments, installment, recurring, owner_id, category_id, inserted_at, updated_at, bill_id) VALUES (134, 'Drebijou', '2024-07-22', 150.98, 2, 2, false, 2, 17, '2024-07-23 23:57:46', '2024-07-23 23:57:46', 3);
INSERT INTO entries (id, description, bill_date, amount, number_of_installments, installment, recurring, owner_id, category_id, inserted_at, updated_at, bill_id) VALUES (135, 'Dentista', '2024-08-06', 265, 2, 2, false, 2, 19, '2024-07-23 23:57:46', '2024-07-23 23:57:46', 3);
INSERT INTO entries (id, description, bill_date, amount, number_of_installments, installment, recurring, owner_id, category_id, inserted_at, updated_at, bill_id) VALUES (136, 'iCloud', '2024-07-23', 14.9, 1, 1, true, 1, 20, '2024-07-23 23:57:52', '2024-07-23 23:57:52', 3);
INSERT INTO entries (id, description, bill_date, amount, number_of_installments, installment, recurring, owner_id, category_id, inserted_at, updated_at, bill_id) VALUES (138, 'Amazon Prime', '2024-07-23', 19.9, 1, 1, true, 1, 20, '2024-07-23 23:57:52', '2024-07-23 23:57:52', 3);
INSERT INTO entries (id, description, bill_date, amount, number_of_installments, installment, recurring, owner_id, category_id, inserted_at, updated_at, bill_id) VALUES (139, 'Nintendo', '2024-08-12', 20, 1, 1, true, 1, 20, '2024-07-23 23:57:52', '2024-07-23 23:57:52', 3);
INSERT INTO entries (id, description, bill_date, amount, number_of_installments, installment, recurring, owner_id, category_id, inserted_at, updated_at, bill_id) VALUES (140, 'Amazon Prime (Adão)', '2024-08-13', 19.9, 1, 1, true, 1, 20, '2024-07-23 23:57:52', '2024-07-23 23:57:52', 3);
INSERT INTO entries (id, description, bill_date, amount, number_of_installments, installment, recurring, owner_id, category_id, inserted_at, updated_at, bill_id) VALUES (137, 'Github', '2024-07-22', 23.52, 1, 1, true, 1, 20, '2024-07-23 23:57:52', '2024-07-24 00:03:15', 3);
INSERT INTO entries (id, description, bill_date, amount, number_of_installments, installment, recurring, owner_id, category_id, inserted_at, updated_at, bill_id) VALUES (146, 'Estacionamento', '2024-07-22', 15, 1, 1, false, 2, 23, '2024-07-24 00:04:27', '2024-07-24 00:04:27', 3);
INSERT INTO entries (id, description, bill_date, amount, number_of_installments, installment, recurring, owner_id, category_id, inserted_at, updated_at, bill_id) VALUES (141, 'Spotify', '2024-08-11', 34.9, 1, 1, true, 1, 20, '2024-07-23 23:57:52', '2024-07-23 23:57:52', 3);
INSERT INTO entries (id, description, bill_date, amount, number_of_installments, installment, recurring, owner_id, category_id, inserted_at, updated_at, bill_id) VALUES (143, 'Microsoft', '2024-08-14', 12, 1, 1, true, 2, 20, '2024-07-23 23:57:52', '2024-07-23 23:57:52', 3);
INSERT INTO entries (id, description, bill_date, amount, number_of_installments, installment, recurring, owner_id, category_id, inserted_at, updated_at, bill_id) VALUES (150, 'Casa da Barbie', '2024-07-23', 767.89, 1, 1, false, 2, 25, '2024-07-24 00:08:14', '2024-07-24 00:08:14', 3);
INSERT INTO entries (id, description, bill_date, amount, number_of_installments, installment, recurring, owner_id, category_id, inserted_at, updated_at, bill_id) VALUES (144, 'Total Pass', '2024-08-03', 199.9, 1, 1, true, 1, 19, '2024-07-23 23:57:52', '2024-07-23 23:57:52', 3);
INSERT INTO entries (id, description, bill_date, amount, number_of_installments, installment, recurring, owner_id, category_id, inserted_at, updated_at, bill_id) VALUES (151, 'Chuteira', '2024-07-23', 269.99, 1, 1, false, 2, 25, '2024-07-24 00:08:39', '2024-07-24 00:08:39', 3);
INSERT INTO entries (id, description, bill_date, amount, number_of_installments, installment, recurring, owner_id, category_id, inserted_at, updated_at, bill_id) VALUES (145, 'Dr. Cash', '2024-08-04', 150, 1, 1, true, 1, 20, '2024-07-23 23:57:52', '2024-07-23 23:57:52', 3);
INSERT INTO entries (id, description, bill_date, amount, number_of_installments, installment, recurring, owner_id, category_id, inserted_at, updated_at, bill_id) VALUES (147, 'Almoço', '2024-07-22', 54, 1, 1, false, 2, 24, '2024-07-24 00:04:58', '2024-07-24 00:04:58', 3);
INSERT INTO entries (id, description, bill_date, amount, number_of_installments, installment, recurring, owner_id, category_id, inserted_at, updated_at, bill_id) VALUES (148, 'Mini Extra', '2024-07-22', 87.56, 1, 1, false, 1, 24, '2024-07-24 00:05:32', '2024-07-24 00:05:32', 3);
INSERT INTO entries (id, description, bill_date, amount, number_of_installments, installment, recurring, owner_id, category_id, inserted_at, updated_at, bill_id) VALUES (152, 'Giga', '2024-07-23', 1208.87, 1, 1, false, 1, 24, '2024-07-24 00:09:07', '2024-07-24 00:09:07', 3);
INSERT INTO entries (id, description, bill_date, amount, number_of_installments, installment, recurring, owner_id, category_id, inserted_at, updated_at, bill_id) VALUES (149, 'Padaria', '2024-07-22', 69.31, 1, 1, false, 1, 24, '2024-07-24 00:06:05', '2024-07-24 00:06:05', 3);
INSERT INTO entries (id, description, bill_date, amount, number_of_installments, installment, recurring, owner_id, category_id, inserted_at, updated_at, bill_id) VALUES (153, 'Outlet Premium', '2024-07-27', 179.98, 1, 1, false, 2, 17, '2024-07-29 19:30:59', '2024-07-29 19:30:59', 3);
INSERT INTO entries (id, description, bill_date, amount, number_of_installments, installment, recurring, owner_id, category_id, inserted_at, updated_at, bill_id) VALUES (154, 'Mc Donald''s', '2024-07-24', 50.8, 1, 1, false, 1, 24, '2024-07-29 19:33:43', '2024-07-29 19:33:43', 3);
INSERT INTO entries (id, description, bill_date, amount, number_of_installments, installment, recurring, owner_id, category_id, inserted_at, updated_at, bill_id) VALUES (155, 'Estacionamento', '2024-07-27', 10, 1, 1, false, 1, 23, '2024-07-29 19:34:41', '2024-07-29 19:34:41', 3);
INSERT INTO entries (id, description, bill_date, amount, number_of_installments, installment, recurring, owner_id, category_id, inserted_at, updated_at, bill_id) VALUES (156, 'Doceria', '2024-07-27', 111.9, 1, 1, false, 1, 24, '2024-07-29 19:35:44', '2024-07-29 19:35:44', 3);
INSERT INTO entries (id, description, bill_date, amount, number_of_installments, installment, recurring, owner_id, category_id, inserted_at, updated_at, bill_id) VALUES (157, 'Poderoso Timão', '2024-07-27', 396.9, 1, 1, false, 1, 25, '2024-07-29 19:36:28', '2024-07-29 19:36:28', 3);
INSERT INTO entries (id, description, bill_date, amount, number_of_installments, installment, recurring, owner_id, category_id, inserted_at, updated_at, bill_id) VALUES (158, 'Natura', '2024-07-27', 37.9, 1, 1, false, 1, 18, '2024-07-29 19:37:37', '2024-07-29 19:37:37', 3);
INSERT INTO entries (id, description, bill_date, amount, number_of_installments, installment, recurring, owner_id, category_id, inserted_at, updated_at, bill_id) VALUES (159, 'Almoço', '2024-07-27', 227.86, 1, 1, false, 1, 24, '2024-07-29 19:38:13', '2024-07-29 19:38:13', 3);
INSERT INTO entries (id, description, bill_date, amount, number_of_installments, installment, recurring, owner_id, category_id, inserted_at, updated_at, bill_id) VALUES (160, 'Cookies', '2024-07-27', 31.7, 1, 1, false, 1, 24, '2024-07-29 19:39:06', '2024-07-29 19:39:06', 3);
INSERT INTO entries (id, description, bill_date, amount, number_of_installments, installment, recurring, owner_id, category_id, inserted_at, updated_at, bill_id) VALUES (161, 'Estacionamento', '2024-07-28', 20, 1, 1, false, 2, 23, '2024-07-29 19:39:54', '2024-07-29 19:39:54', 3);
INSERT INTO entries (id, description, bill_date, amount, number_of_installments, installment, recurring, owner_id, category_id, inserted_at, updated_at, bill_id) VALUES (162, 'Padaria', '2024-07-28', 68.72, 1, 1, false, 2, 24, '2024-07-29 19:40:23', '2024-07-29 19:40:23', 3);
INSERT INTO entries (id, description, bill_date, amount, number_of_installments, installment, recurring, owner_id, category_id, inserted_at, updated_at, bill_id) VALUES (163, 'Droga Raia', '2024-07-28', 199.11, 1, 1, false, 2, 19, '2024-07-29 19:41:08', '2024-07-29 19:41:08', 3);
INSERT INTO entries (id, description, bill_date, amount, number_of_installments, installment, recurring, owner_id, category_id, inserted_at, updated_at, bill_id) VALUES (164, 'SESC', '2024-07-28', 25, 1, 1, false, 1, 24, '2024-07-29 19:42:02', '2024-07-29 19:42:02', 3);
INSERT INTO entries (id, description, bill_date, amount, number_of_installments, installment, recurring, owner_id, category_id, inserted_at, updated_at, bill_id) VALUES (165, 'Drogaria São Paulo', '2024-07-29', 83.98, 1, 1, false, 1, 19, '2024-07-29 19:43:13', '2024-07-29 19:43:13', 3);
INSERT INTO entries (id, description, bill_date, amount, number_of_installments, installment, recurring, owner_id, category_id, inserted_at, updated_at, bill_id) VALUES (166, 'Manicure', '2024-07-30', 37, 1, 1, false, 2, 18, '2024-07-31 19:10:55', '2024-07-31 19:10:55', 3);
INSERT INTO entries (id, description, bill_date, amount, number_of_installments, installment, recurring, owner_id, category_id, inserted_at, updated_at, bill_id) VALUES (167, 'Homeopatia', '2024-07-30', 56, 1, 1, false, 2, 19, '2024-07-31 19:11:39', '2024-07-31 19:11:39', 3);
INSERT INTO entries (id, description, bill_date, amount, number_of_installments, installment, recurring, owner_id, category_id, inserted_at, updated_at, bill_id) VALUES (168, 'Livro Machine Learning', '2024-07-30', 129.83, 1, 1, false, 1, 22, '2024-07-31 19:12:20', '2024-08-09 18:11:39', 3);
INSERT INTO entries (id, description, bill_date, amount, number_of_installments, installment, recurring, owner_id, category_id, inserted_at, updated_at, bill_id) VALUES (169, 'IOF', '2024-07-31', 5.68, 1, 1, false, 1, 21, '2024-08-09 18:12:20', '2024-08-09 18:12:20', 3);
INSERT INTO entries (id, description, bill_date, amount, number_of_installments, installment, recurring, owner_id, category_id, inserted_at, updated_at, bill_id) VALUES (170, 'Serasa', '2024-08-01', 35, 1, 1, false, 1, 20, '2024-08-09 18:12:55', '2024-08-09 18:12:55', 3);
INSERT INTO entries (id, description, bill_date, amount, number_of_installments, installment, recurring, owner_id, category_id, inserted_at, updated_at, bill_id) VALUES (171, 'Fly.io', '2024-08-02', 77.7, 1, 1, false, 1, 20, '2024-08-09 18:13:50', '2024-08-09 18:13:50', 3);
INSERT INTO entries (id, description, bill_date, amount, number_of_installments, installment, recurring, owner_id, category_id, inserted_at, updated_at, bill_id) VALUES (172, 'AWS', '2024-08-02', 13.33, 1, 1, false, 1, 20, '2024-08-09 18:14:13', '2024-08-09 18:14:13', 3);
INSERT INTO entries (id, description, bill_date, amount, number_of_installments, installment, recurring, owner_id, category_id, inserted_at, updated_at, bill_id) VALUES (173, 'The Mad House', '2024-08-03', 160, 1, 1, false, 1, 18, '2024-08-09 18:15:12', '2024-08-09 18:15:12', 3);
INSERT INTO entries (id, description, bill_date, amount, number_of_installments, installment, recurring, owner_id, category_id, inserted_at, updated_at, bill_id) VALUES (174, 'Drogasil', '2024-08-03', 30.18, 1, 1, false, 1, 19, '2024-08-09 18:15:48', '2024-08-09 18:15:48', 3);
INSERT INTO entries (id, description, bill_date, amount, number_of_installments, installment, recurring, owner_id, category_id, inserted_at, updated_at, bill_id) VALUES (175, 'IOF', '2024-08-03', 3.4, 1, 1, false, 1, 21, '2024-08-09 18:17:19', '2024-08-09 18:17:19', 3);
INSERT INTO entries (id, description, bill_date, amount, number_of_installments, installment, recurring, owner_id, category_id, inserted_at, updated_at, bill_id) VALUES (176, 'Cinema', '2024-08-04', 135.28, 1, 1, false, 2, 25, '2024-08-09 18:18:30', '2024-08-09 18:18:30', 3);
INSERT INTO entries (id, description, bill_date, amount, number_of_installments, installment, recurring, owner_id, category_id, inserted_at, updated_at, bill_id) VALUES (177, 'Giga', '2024-08-04', 471.97, 1, 1, false, 1, 24, '2024-08-09 18:19:04', '2024-08-09 18:19:04', 3);
INSERT INTO entries (id, description, bill_date, amount, number_of_installments, installment, recurring, owner_id, category_id, inserted_at, updated_at, bill_id) VALUES (178, 'Estacionamento', '2024-08-05', 25, 1, 1, false, 2, 23, '2024-08-09 18:23:01', '2024-08-09 18:23:01', 3);
INSERT INTO entries (id, description, bill_date, amount, number_of_installments, installment, recurring, owner_id, category_id, inserted_at, updated_at, bill_id) VALUES (179, 'Hospital Samaritano', '2024-08-05', 180, 1, 1, false, 2, 19, '2024-08-09 18:24:13', '2024-08-09 18:24:13', 3);
INSERT INTO entries (id, description, bill_date, amount, number_of_installments, installment, recurring, owner_id, category_id, inserted_at, updated_at, bill_id) VALUES (180, 'Drogaria São Paulo', '2024-08-07', 77.85, 1, 1, false, 2, 19, '2024-08-09 18:24:40', '2024-08-09 18:24:40', 3);
INSERT INTO entries (id, description, bill_date, amount, number_of_installments, installment, recurring, owner_id, category_id, inserted_at, updated_at, bill_id) VALUES (181, 'Uber', '2024-08-08', 8.38, 1, 1, false, 1, 23, '2024-08-09 18:25:15', '2024-08-09 18:25:15', 3);
INSERT INTO entries (id, description, bill_date, amount, number_of_installments, installment, recurring, owner_id, category_id, inserted_at, updated_at, bill_id) VALUES (182, 'Uber', '2024-08-08', 14.47, 1, 1, false, 1, 23, '2024-08-09 18:25:35', '2024-08-09 18:25:35', 3);
INSERT INTO entries (id, description, bill_date, amount, number_of_installments, installment, recurring, owner_id, category_id, inserted_at, updated_at, bill_id) VALUES (183, 'Drogasil', '2024-08-08', 13.04, 1, 1, false, 1, 19, '2024-08-09 18:26:10', '2024-08-09 18:26:10', 3);
INSERT INTO entries (id, description, bill_date, amount, number_of_installments, installment, recurring, owner_id, category_id, inserted_at, updated_at, bill_id) VALUES (184, 'Nutricar', '2024-08-08', 34.98, 1, 1, false, 1, 24, '2024-08-09 18:26:38', '2024-08-09 18:26:38', 3);
INSERT INTO entries (id, description, bill_date, amount, number_of_installments, installment, recurring, owner_id, category_id, inserted_at, updated_at, bill_id) VALUES (185, 'Pizza', '2024-08-08', 97, 1, 1, false, 1, 24, '2024-08-09 18:27:10', '2024-08-09 18:27:10', 3);
INSERT INTO entries (id, description, bill_date, amount, number_of_installments, installment, recurring, owner_id, category_id, inserted_at, updated_at, bill_id) VALUES (186, 'Combustível', '2024-08-09', 154.76, 1, 1, false, 1, 23, '2024-08-09 18:27:54', '2024-08-09 18:27:54', 3);
INSERT INTO entries (id, description, bill_date, amount, number_of_installments, installment, recurring, owner_id, category_id, inserted_at, updated_at, bill_id) VALUES (187, 'Droga Raia', '2024-08-12', 25.26, 1, 1, false, 1, 19, '2024-08-26 19:43:55', '2024-08-26 19:43:55', 3);
INSERT INTO entries (id, description, bill_date, amount, number_of_installments, installment, recurring, owner_id, category_id, inserted_at, updated_at, bill_id) VALUES (188, 'Mecânica', '2024-08-14', 242.68, 3, 1, false, 1, 23, '2024-08-26 19:44:32', '2024-08-26 19:44:32', 3);
INSERT INTO entries (id, description, bill_date, amount, number_of_installments, installment, recurring, owner_id, category_id, inserted_at, updated_at, bill_id) VALUES (189, 'Uber', '2024-08-14', 14.51, 1, 1, false, 1, 23, '2024-08-26 19:44:55', '2024-08-26 19:44:55', 3);
INSERT INTO entries (id, description, bill_date, amount, number_of_installments, installment, recurring, owner_id, category_id, inserted_at, updated_at, bill_id) VALUES (190, 'Mini Extra', '2024-08-15', 98.57, 1, 1, false, 1, 24, '2024-08-26 19:45:32', '2024-08-26 19:45:32', 3);
INSERT INTO entries (id, description, bill_date, amount, number_of_installments, installment, recurring, owner_id, category_id, inserted_at, updated_at, bill_id) VALUES (191, 'SESC', '2024-08-17', 8, 1, 1, false, 1, 24, '2024-08-26 19:46:58', '2024-08-26 19:46:58', 3);
INSERT INTO entries (id, description, bill_date, amount, number_of_installments, installment, recurring, owner_id, category_id, inserted_at, updated_at, bill_id) VALUES (192, 'Max Atacadista', '2024-08-17', 408.73, 1, 1, false, 1, 24, '2024-08-26 19:48:49', '2024-08-26 19:48:49', 3);
INSERT INTO entries (id, description, bill_date, amount, number_of_installments, installment, recurring, owner_id, category_id, inserted_at, updated_at, bill_id) VALUES (193, 'Drogaria São Paulo', '2024-08-13', 103.32, 2, 1, false, 2, 19, '2024-08-26 19:51:32', '2024-08-26 19:51:32', 3);
INSERT INTO entries (id, description, bill_date, amount, number_of_installments, installment, recurring, owner_id, category_id, inserted_at, updated_at, bill_id) VALUES (194, 'Nutricar', '2024-08-10', 16.98, 1, 1, false, 2, 24, '2024-08-26 19:53:58', '2024-08-26 19:53:58', 3);
INSERT INTO entries (id, description, bill_date, amount, number_of_installments, installment, recurring, owner_id, category_id, inserted_at, updated_at, bill_id) VALUES (195, 'IOF', '2024-07-23', 1.06, 1, 1, false, 1, 21, '2024-08-26 19:55:25', '2024-08-26 19:55:25', 3);
INSERT INTO entries (id, description, bill_date, amount, number_of_installments, installment, recurring, owner_id, category_id, inserted_at, updated_at, bill_id) VALUES (196, 'iCloud', '2024-08-23', 14.9, 1, 1, true, 1, 29, '2024-08-26 20:06:27', '2024-08-26 20:06:27', 4);
INSERT INTO entries (id, description, bill_date, amount, number_of_installments, installment, recurring, owner_id, category_id, inserted_at, updated_at, bill_id) VALUES (199, 'Nintendo', '2024-09-12', 20, 1, 1, true, 1, 29, '2024-08-26 20:06:27', '2024-08-26 20:06:27', 4);
INSERT INTO entries (id, description, bill_date, amount, number_of_installments, installment, recurring, owner_id, category_id, inserted_at, updated_at, bill_id) VALUES (200, 'Amazon Prime (Adão)', '2024-09-13', 19.9, 1, 1, true, 1, 29, '2024-08-26 20:06:27', '2024-08-26 20:06:27', 4);
INSERT INTO entries (id, description, bill_date, amount, number_of_installments, installment, recurring, owner_id, category_id, inserted_at, updated_at, bill_id) VALUES (201, 'Spotify', '2024-09-11', 34.9, 1, 1, true, 1, 29, '2024-08-26 20:06:27', '2024-08-26 20:06:27', 4);
INSERT INTO entries (id, description, bill_date, amount, number_of_installments, installment, recurring, owner_id, category_id, inserted_at, updated_at, bill_id) VALUES (202, 'Microsoft', '2024-09-14', 12, 1, 1, true, 2, 29, '2024-08-26 20:06:27', '2024-08-26 20:06:27', 4);
INSERT INTO entries (id, description, bill_date, amount, number_of_installments, installment, recurring, owner_id, category_id, inserted_at, updated_at, bill_id) VALUES (203, 'Total Pass', '2024-09-03', 199.9, 1, 1, true, 1, 28, '2024-08-26 20:06:27', '2024-08-26 20:06:27', 4);
INSERT INTO entries (id, description, bill_date, amount, number_of_installments, installment, recurring, owner_id, category_id, inserted_at, updated_at, bill_id) VALUES (204, 'Dr. Cash', '2024-09-04', 150, 1, 1, true, 1, 29, '2024-08-26 20:06:27', '2024-08-26 20:06:27', 4);
INSERT INTO entries (id, description, bill_date, amount, number_of_installments, installment, recurring, owner_id, category_id, inserted_at, updated_at, bill_id) VALUES (205, 'Estácio', '2024-08-27', 150.79, 6, 4, false, 2, 31, '2024-08-26 20:06:34', '2024-08-26 20:06:34', 4);
INSERT INTO entries (id, description, bill_date, amount, number_of_installments, installment, recurring, owner_id, category_id, inserted_at, updated_at, bill_id) VALUES (206, 'Tera', '2024-09-02', 237.49, 12, 7, false, 2, 31, '2024-08-26 20:06:34', '2024-08-26 20:06:34', 4);
INSERT INTO entries (id, description, bill_date, amount, number_of_installments, installment, recurring, owner_id, category_id, inserted_at, updated_at, bill_id) VALUES (207, 'Mecânica', '2024-09-14', 242.68, 3, 2, false, 1, 32, '2024-08-26 20:06:34', '2024-08-26 20:06:34', 4);
INSERT INTO entries (id, description, bill_date, amount, number_of_installments, installment, recurring, owner_id, category_id, inserted_at, updated_at, bill_id) VALUES (208, 'Drogaria São Paulo', '2024-09-13', 103.32, 2, 2, false, 2, 28, '2024-08-26 20:06:34', '2024-08-26 20:06:34', 4);
INSERT INTO entries (id, description, bill_date, amount, number_of_installments, installment, recurring, owner_id, category_id, inserted_at, updated_at, bill_id) VALUES (209, 'Almoço', '2024-08-20', 51.04, 1, 1, false, 1, 33, '2024-08-26 20:08:54', '2024-08-26 20:08:54', 4);
INSERT INTO entries (id, description, bill_date, amount, number_of_installments, installment, recurring, owner_id, category_id, inserted_at, updated_at, bill_id) VALUES (210, 'Wizmart', '2024-08-20', 6.5, 1, 1, false, 1, 33, '2024-08-26 20:09:19', '2024-08-26 20:09:19', 4);
INSERT INTO entries (id, description, bill_date, amount, number_of_installments, installment, recurring, owner_id, category_id, inserted_at, updated_at, bill_id) VALUES (211, 'Estacionamento', '2024-08-20', 45, 1, 1, false, 1, 32, '2024-08-26 20:09:44', '2024-08-26 20:09:44', 4);
INSERT INTO entries (id, description, bill_date, amount, number_of_installments, installment, recurring, owner_id, category_id, inserted_at, updated_at, bill_id) VALUES (212, 'Almoço', '2024-08-21', 63.15, 1, 1, false, 1, 33, '2024-08-26 20:10:22', '2024-08-26 20:10:22', 4);
INSERT INTO entries (id, description, bill_date, amount, number_of_installments, installment, recurring, owner_id, category_id, inserted_at, updated_at, bill_id) VALUES (213, 'Wizmart', '2024-08-21', 12.5, 1, 1, false, 1, 33, '2024-08-26 20:10:43', '2024-08-26 20:10:43', 4);
INSERT INTO entries (id, description, bill_date, amount, number_of_installments, installment, recurring, owner_id, category_id, inserted_at, updated_at, bill_id) VALUES (214, 'Nutricar', '2024-08-21', 49.99, 1, 1, false, 1, 33, '2024-08-26 20:11:13', '2024-08-26 20:11:13', 4);
INSERT INTO entries (id, description, bill_date, amount, number_of_installments, installment, recurring, owner_id, category_id, inserted_at, updated_at, bill_id) VALUES (215, 'Wizmart', '2024-08-21', 7.5, 1, 1, false, 1, 33, '2024-08-26 20:11:48', '2024-08-26 20:11:48', 4);
INSERT INTO entries (id, description, bill_date, amount, number_of_installments, installment, recurring, owner_id, category_id, inserted_at, updated_at, bill_id) VALUES (216, 'Uber', '2024-08-21', 37.27, 1, 1, false, 1, 32, '2024-08-26 20:12:17', '2024-08-26 20:12:17', 4);
INSERT INTO entries (id, description, bill_date, amount, number_of_installments, installment, recurring, owner_id, category_id, inserted_at, updated_at, bill_id) VALUES (217, 'Almoço', '2024-08-22', 41.26, 1, 1, false, 1, 33, '2024-08-26 20:26:15', '2024-08-26 20:26:15', 4);
INSERT INTO entries (id, description, bill_date, amount, number_of_installments, installment, recurring, owner_id, category_id, inserted_at, updated_at, bill_id) VALUES (218, 'Estacionamento', '2024-08-23', 25, 1, 1, false, 1, 32, '2024-08-26 20:27:19', '2024-08-26 20:27:19', 4);
INSERT INTO entries (id, description, bill_date, amount, number_of_installments, installment, recurring, owner_id, category_id, inserted_at, updated_at, bill_id) VALUES (219, 'Açougue', '2024-08-23', 88.37, 1, 1, false, 1, 33, '2024-08-26 20:29:42', '2024-08-26 20:29:42', 4);
INSERT INTO entries (id, description, bill_date, amount, number_of_installments, installment, recurring, owner_id, category_id, inserted_at, updated_at, bill_id) VALUES (220, 'Mini Extra', '2024-08-23', 38.09, 1, 1, false, 1, 33, '2024-08-26 20:30:05', '2024-08-26 20:30:05', 4);
INSERT INTO entries (id, description, bill_date, amount, number_of_installments, installment, recurring, owner_id, category_id, inserted_at, updated_at, bill_id) VALUES (221, 'Giga', '2024-08-24', 608.9, 1, 1, false, 1, 33, '2024-08-26 20:31:55', '2024-08-26 20:31:55', 4);
INSERT INTO entries (id, description, bill_date, amount, number_of_installments, installment, recurring, owner_id, category_id, inserted_at, updated_at, bill_id) VALUES (222, 'Conectcar', '2024-08-24', 50, 1, 1, false, 1, 32, '2024-08-26 20:32:16', '2024-08-26 20:32:16', 4);
INSERT INTO entries (id, description, bill_date, amount, number_of_installments, installment, recurring, owner_id, category_id, inserted_at, updated_at, bill_id) VALUES (223, 'Almoço', '2024-08-24', 378.43, 1, 1, false, 1, 33, '2024-08-26 20:32:45', '2024-08-26 20:32:45', 4);
INSERT INTO entries (id, description, bill_date, amount, number_of_installments, installment, recurring, owner_id, category_id, inserted_at, updated_at, bill_id) VALUES (224, 'Confeitaria', '2024-08-24', 66.24, 1, 1, false, 1, 33, '2024-08-26 20:33:17', '2024-08-26 20:33:17', 4);
INSERT INTO entries (id, description, bill_date, amount, number_of_installments, installment, recurring, owner_id, category_id, inserted_at, updated_at, bill_id) VALUES (197, 'Github', '2024-08-22', 23.48, 1, 1, true, 1, 29, '2024-08-26 20:06:27', '2024-08-26 20:34:05', 4);
INSERT INTO entries (id, description, bill_date, amount, number_of_installments, installment, recurring, owner_id, category_id, inserted_at, updated_at, bill_id) VALUES (225, 'IOF', '2024-08-23', 1.06, 1, 1, false, 1, 30, '2024-08-26 20:34:37', '2024-08-26 20:34:37', 4);
INSERT INTO entries (id, description, bill_date, amount, number_of_installments, installment, recurring, owner_id, category_id, inserted_at, updated_at, bill_id) VALUES (226, 'Americanas', '2024-08-24', 42.91, 1, 1, false, 2, 33, '2024-08-26 21:51:54', '2024-08-26 21:51:54', 4);
INSERT INTO entries (id, description, bill_date, amount, number_of_installments, installment, recurring, owner_id, category_id, inserted_at, updated_at, bill_id) VALUES (227, 'Sapato', '2024-08-24', 149.98, 1, 1, false, 2, 26, '2024-08-26 21:52:28', '2024-08-26 21:52:28', 4);
INSERT INTO entries (id, description, bill_date, amount, number_of_installments, installment, recurring, owner_id, category_id, inserted_at, updated_at, bill_id) VALUES (228, 'Dieta', '2024-08-22', 29.99, 1, 1, false, 2, 28, '2024-08-26 21:52:52', '2024-08-26 21:52:52', 4);
INSERT INTO entries (id, description, bill_date, amount, number_of_installments, installment, recurring, owner_id, category_id, inserted_at, updated_at, bill_id) VALUES (229, 'Padaria', '2024-08-22', 25.42, 1, 1, false, 2, 33, '2024-08-26 21:53:19', '2024-08-26 21:53:19', 4);
INSERT INTO entries (id, description, bill_date, amount, number_of_installments, installment, recurring, owner_id, category_id, inserted_at, updated_at, bill_id) VALUES (230, 'Almoço', '2024-08-22', 36.3, 1, 1, false, 2, 33, '2024-08-26 21:53:56', '2024-08-26 21:53:56', 4);
INSERT INTO entries (id, description, bill_date, amount, number_of_installments, installment, recurring, owner_id, category_id, inserted_at, updated_at, bill_id) VALUES (231, 'Café', '2024-08-22', 14.5, 1, 1, false, 2, 33, '2024-08-26 21:54:25', '2024-08-26 21:54:25', 4);
INSERT INTO entries (id, description, bill_date, amount, number_of_installments, installment, recurring, owner_id, category_id, inserted_at, updated_at, bill_id) VALUES (232, 'Qualidoc???', '2024-08-21', 156.03, 2, 1, false, 2, 27, '2024-08-26 21:55:36', '2024-08-26 21:55:36', 4);
INSERT INTO entries (id, description, bill_date, amount, number_of_installments, installment, recurring, owner_id, category_id, inserted_at, updated_at, bill_id) VALUES (233, 'Shopee', '2024-08-21', 64.89, 1, 1, false, 2, 34, '2024-08-26 21:56:10', '2024-08-26 21:56:10', 4);
INSERT INTO entries (id, description, bill_date, amount, number_of_installments, installment, recurring, owner_id, category_id, inserted_at, updated_at, bill_id) VALUES (234, 'Shopee', '2024-08-21', 45.64, 1, 1, false, 2, 34, '2024-08-26 21:56:40', '2024-08-26 21:56:40', 4);
INSERT INTO entries (id, description, bill_date, amount, number_of_installments, installment, recurring, owner_id, category_id, inserted_at, updated_at, bill_id) VALUES (235, 'Combustível', '2024-08-25', 148.47, 1, 1, false, 1, 32, '2024-08-26 21:57:17', '2024-08-26 21:57:17', 4);
INSERT INTO entries (id, description, bill_date, amount, number_of_installments, installment, recurring, owner_id, category_id, inserted_at, updated_at, bill_id) VALUES (236, 'Starbucks', '2024-08-25', 54, 1, 1, false, 2, 33, '2024-08-26 21:57:54', '2024-08-26 21:57:54', 4);
INSERT INTO entries (id, description, bill_date, amount, number_of_installments, installment, recurring, owner_id, category_id, inserted_at, updated_at, bill_id) VALUES (237, 'Café', '2024-08-25', 19.9, 1, 1, false, 2, 33, '2024-08-26 21:58:22', '2024-08-26 21:58:22', 4);
INSERT INTO entries (id, description, bill_date, amount, number_of_installments, installment, recurring, owner_id, category_id, inserted_at, updated_at, bill_id) VALUES (238, 'Estacionamento', '2024-08-25', 17, 1, 1, false, 2, 32, '2024-08-26 21:58:47', '2024-08-26 21:58:47', 4);
INSERT INTO entries (id, description, bill_date, amount, number_of_installments, installment, recurring, owner_id, category_id, inserted_at, updated_at, bill_id) VALUES (239, 'Dentista', '2024-08-28', 212.5, 2, 1, false, 1, 28, '2024-08-29 12:20:54', '2024-08-29 12:20:54', 4);
INSERT INTO entries (id, description, bill_date, amount, number_of_installments, installment, recurring, owner_id, category_id, inserted_at, updated_at, bill_id) VALUES (240, 'Roupas Crianças', '2024-08-28', 341.41, 3, 1, false, 2, 26, '2024-08-29 12:22:03', '2024-08-29 12:22:03', 4);
INSERT INTO entries (id, description, bill_date, amount, number_of_installments, installment, recurring, owner_id, category_id, inserted_at, updated_at, bill_id) VALUES (241, 'Dieta', '2024-08-30', 68.62, 3, 1, false, 1, 28, '2024-09-04 19:15:24', '2024-09-04 19:15:24', 4);
INSERT INTO entries (id, description, bill_date, amount, number_of_installments, installment, recurring, owner_id, category_id, inserted_at, updated_at, bill_id) VALUES (242, 'Terra Cerealista', '2024-08-31', 168.17, 1, 1, false, 1, 33, '2024-09-04 19:15:54', '2024-09-04 19:15:54', 4);
INSERT INTO entries (id, description, bill_date, amount, number_of_installments, installment, recurring, owner_id, category_id, inserted_at, updated_at, bill_id) VALUES (243, 'Whey', '2024-08-30', 134.14, 1, 1, false, 1, 33, '2024-09-04 19:18:01', '2024-09-04 19:18:01', 4);
INSERT INTO entries (id, description, bill_date, amount, number_of_installments, installment, recurring, owner_id, category_id, inserted_at, updated_at, bill_id) VALUES (244, 'IOF', '2024-09-03', 3.63, 1, 1, false, 1, 30, '2024-09-04 19:18:32', '2024-09-04 19:18:32', 4);
INSERT INTO entries (id, description, bill_date, amount, number_of_installments, installment, recurring, owner_id, category_id, inserted_at, updated_at, bill_id) VALUES (245, 'Fly.io', '2024-09-02', 82.41, 1, 1, false, 1, 29, '2024-09-04 19:19:31', '2024-09-04 19:19:31', 4);
INSERT INTO entries (id, description, bill_date, amount, number_of_installments, installment, recurring, owner_id, category_id, inserted_at, updated_at, bill_id) VALUES (246, 'Dentista', '2024-08-29', 400, 1, 1, false, 2, 28, '2024-09-04 19:21:33', '2024-09-04 19:21:33', 4);
INSERT INTO entries (id, description, bill_date, amount, number_of_installments, installment, recurring, owner_id, category_id, inserted_at, updated_at, bill_id) VALUES (247, 'Frete Roupa', '2024-08-29', 12.32, 1, 1, false, 2, 26, '2024-09-04 19:22:39', '2024-09-04 19:22:39', 4);
INSERT INTO entries (id, description, bill_date, amount, number_of_installments, installment, recurring, owner_id, category_id, inserted_at, updated_at, bill_id) VALUES (248, 'Estacionamento', '2024-08-29', 25, 1, 1, false, 2, 32, '2024-09-04 19:23:08', '2024-09-04 19:23:08', 4);
INSERT INTO entries (id, description, bill_date, amount, number_of_installments, installment, recurring, owner_id, category_id, inserted_at, updated_at, bill_id) VALUES (249, 'Sorvete', '2024-08-29', 9.5, 1, 1, false, 2, 33, '2024-09-04 19:24:08', '2024-09-04 19:24:08', 4);
INSERT INTO entries (id, description, bill_date, amount, number_of_installments, installment, recurring, owner_id, category_id, inserted_at, updated_at, bill_id) VALUES (250, 'AWS', '2024-09-02', 2.58, 1, 1, false, 1, 29, '2024-09-04 19:26:12', '2024-09-04 19:26:12', 4);
INSERT INTO entries (id, description, bill_date, amount, number_of_installments, installment, recurring, owner_id, category_id, inserted_at, updated_at, bill_id) VALUES (251, 'Drogaria São Paulo', '2024-09-03', 477.72, 1, 1, false, 1, 28, '2024-09-04 19:26:41', '2024-09-04 19:26:41', 4);
INSERT INTO entries (id, description, bill_date, amount, number_of_installments, installment, recurring, owner_id, category_id, inserted_at, updated_at, bill_id) VALUES (252, 'Estacionamento', '2024-09-05', 25, 1, 1, false, 1, 32, '2024-09-10 20:02:14', '2024-09-10 20:02:14', 4);
INSERT INTO entries (id, description, bill_date, amount, number_of_installments, installment, recurring, owner_id, category_id, inserted_at, updated_at, bill_id) VALUES (253, 'Ultrafarma', '2024-09-05', 9.5, 1, 1, false, 1, 28, '2024-09-10 20:03:02', '2024-09-10 20:03:02', 4);
INSERT INTO entries (id, description, bill_date, amount, number_of_installments, installment, recurring, owner_id, category_id, inserted_at, updated_at, bill_id) VALUES (254, 'Uber', '2024-09-06', 34.73, 1, 1, false, 1, 32, '2024-09-10 20:03:30', '2024-09-10 20:03:30', 4);
INSERT INTO entries (id, description, bill_date, amount, number_of_installments, installment, recurring, owner_id, category_id, inserted_at, updated_at, bill_id) VALUES (255, 'Revisão', '2024-09-06', 331.54, 6, 1, false, 1, 32, '2024-09-10 20:04:15', '2024-09-10 20:04:15', 4);
INSERT INTO entries (id, description, bill_date, amount, number_of_installments, installment, recurring, owner_id, category_id, inserted_at, updated_at, bill_id) VALUES (256, 'Giga', '2024-09-08', 602.43, 1, 1, false, 1, 33, '2024-09-10 20:04:47', '2024-09-10 20:04:47', 4);
INSERT INTO entries (id, description, bill_date, amount, number_of_installments, installment, recurring, owner_id, category_id, inserted_at, updated_at, bill_id) VALUES (257, 'Swift', '2024-09-07', 90.88, 1, 1, false, 2, 33, '2024-09-10 20:05:26', '2024-09-10 20:05:26', 4);

END;

--
-- Data for Name: schema_migrations; Type: TABLE DATA; Schema: public; Owner: our_expenses
--

-- INSERT INTO schema_migrations (version, inserted_at) VALUES (20240524003555, '2024-06-02 02:18:33');
-- INSERT INTO schema_migrations (version, inserted_at) VALUES (20240524004231, '2024-06-02 02:18:33');
-- INSERT INTO schema_migrations (version, inserted_at) VALUES (20240524005435, '2024-06-02 02:18:33');
-- INSERT INTO schema_migrations (version, inserted_at) VALUES (20240524010450, '2024-06-02 02:18:33');
-- INSERT INTO schema_migrations (version, inserted_at) VALUES (20240524012102, '2024-06-02 02:18:33');
-- INSERT INTO schema_migrations (version, inserted_at) VALUES (20240524012355, '2024-06-02 02:18:33');
-- INSERT INTO schema_migrations (version, inserted_at) VALUES (20240622011229, '2024-06-22 12:44:28');


-- --
-- -- Name: bills_id_seq; Type: SEQUENCE SET; Schema: public; Owner: our_expenses
-- --

-- SELECT pg_catalog.setval('bills_id_seq', 4, true);


-- --
-- -- Name: categories_id_seq; Type: SEQUENCE SET; Schema: public; Owner: our_expenses
-- --

-- SELECT pg_catalog.setval('categories_id_seq', 34, true);


-- --
-- -- Name: entries_id_seq; Type: SEQUENCE SET; Schema: public; Owner: our_expenses
-- --

-- SELECT pg_catalog.setval('entries_id_seq', 257, true);


-- --
-- -- Name: owners_id_seq; Type: SEQUENCE SET; Schema: public; Owner: our_expenses
-- --

-- SELECT pg_catalog.setval('owners_id_seq', 2, true);


--
-- PostgreSQL database dump complete
--

